label,execution_count,raw_segment_count,total_minutes,unique_actors,consistency,app_stability,readiness,human_judgment,has_clear_output,impact_score,feasibility_score,automation_call,reconstruction_note
process_001,15,16,31.463083333333334,4,0.877579997228151,0.3846153846153846,0.6927675365212441,mixed_cluster,,1.0,0.6988951058628874,"Reject -- mixed workflows, not a valid process group","Rejected: mixes finance adjustment, purchase-order management, and contract-reference work."
process_002_fragment,14,25,7.893716666666665,3,0.8573623395593784,0.5185185185185185,0.7268203043582315,fragment_noise,False,0.6340765335589851,0.7334887737388194,"Reject -- activity fragments, not a coherent execution",Rejected: fragmented payroll/navigation activity rather than a coherent business execution.
process_003,12,22,9.478000000000002,4,0.8861370211796352,0.4444444444444444,0.7202959148257446,rule_guided_review,True,0.6019513505527125,0.7259615450896704,Selected -- review-first automation candidate,"Validated HR new-hire onboarding verification: portal case review, required-item cross-check, and Word checklist use before complete/flag action. One sampled segment begins in the purchase-order portal before moving into the onboarding workflow, so its boundary is treated as spillover rather than evidence that the two workflows are the same."
process_005,13,14,7.411450000000001,3,0.8877948457506478,0.3170731707317073,0.6756027334888681,unvalidated,,0.5786353171884864,0.6814567933173787,Defer -- workflow meaning not manually validated,Not manually validated; do not treat this cluster as a business process.
process_004,11,11,10.978866666666669,4,0.8574168549204593,0.4074074074074074,0.6868584651109881,rule_guided_review,True,0.5688850116183799,0.693746976099355,Phase 2 candidate -- validate controls before automation,HR payroll/compensation-change case handling with confirm/hold actions; stronger financial-control risk than onboarding.
process_006,10,12,2.78535,4,0.8959152928117312,0.5,0.7471407049682118,unvalidated,,0.426440934305785,0.7523040932557427,Defer -- workflow meaning not manually validated,Not manually validated; do not treat this cluster as a business process.
process_008,8,8,10.31575,4,0.8524680099676737,0.3076923076923077,0.6474968377466024,unvalidated,,0.4114033391089441,0.6547827327325108,Defer -- workflow meaning not manually validated,Not manually validated; do not treat this cluster as a business process.
process_009,9,13,5.143883333333333,3,0.8922851522967736,0.4736842105263157,0.7351259223972152,unvalidated,,0.35305129548293507,0.7404871478842916,Defer -- workflow meaning not manually validated,Not manually validated; do not treat this cluster as a business process.
process_007,9,15,3.74465,3,0.886703989900064,0.6923076923076923,0.809923562160814,unvalidated,,0.337264321500047,0.8150707871801961,Defer -- workflow meaning not manually validated,Not manually validated; do not treat this cluster as a business process.
process_011,11,18,3.467483333333333,1,0.8918208944503525,0.4583333333333333,0.7292746261152467,unvalidated,,0.3341371640407785,0.734685123670566,Defer -- workflow meaning not manually validated,Not manually validated; do not treat this cluster as a business process.
process_013,6,6,11.813350000000002,2,0.8976626813974132,0.2857142857142857,0.671221019835332,unvalidated,,0.22830014371868745,0.676743084008007,Defer -- workflow meaning not manually validated,Not manually validated; do not treat this cluster as a business process.
process_014,8,9,5.41195,1,0.8988366970066788,0.6153846153846154,0.7907241494431366,unvalidated,,0.20607578138641522,0.7955399123321003,Defer -- workflow meaning not manually validated,Not manually validated; do not treat this cluster as a business process.
process_010,6,10,3.33535,3,0.9171516700412812,0.8571428571428571,0.8905775976003253,unvalidated,,0.18264635800727996,0.8941772450843885,Defer -- workflow meaning not manually validated,Not manually validated; do not treat this cluster as a business process.
process_012,5,5,3.22755,4,0.8734253526525546,0.3846153846153846,0.6898592853183266,unvalidated,,0.18143009496178694,0.6961530404429936,Defer -- workflow meaning not manually validated,Not manually validated; do not treat this cluster as a business process.
process_020,7,14,6.2552,1,0.8608136536276875,0.5384615384615384,0.7364157113855351,unvalidated,,0.16558982417966178,0.7429062421635045,Defer -- workflow meaning not manually validated,Not manually validated; do not treat this cluster as a business process.
process_019,5,5,8.711316666666667,2,0.9126592436055636,0.3333333333333333,0.6988614705238945,unvalidated,,0.14330117795597103,0.7036884341130053,Defer -- workflow meaning not manually validated,Not manually validated; do not treat this cluster as a business process.
process_027,5,5,0.68715,1,0.9408231419058484,1.0,0.9585761993340938,unvalidated,,0.0027678070140092145,0.9609432736578598,Defer -- workflow meaning not manually validated,Not manually validated; do not treat this cluster as a business process.
process_026,5,5,0.4418333333333333,1,0.971564792713159,1.0,0.9800953548992112,unvalidated,,0.0,0.9812327631906849,Defer -- workflow meaning not manually validated,Not manually validated; do not treat this cluster as a business process.
