cluster_raw,execution_count,raw_segment_count,total_minutes,median_duration_sec,unique_actors_or_machines,median_events,mean_apps,consistency,dominant_pattern_share,app_stability,impact,readiness,priority_score,label
39,15,16,31.463083333333334,92.7,4,183.0,2.6,0.877579997228151,0.26666666666666666,0.3846153846153846,1.0,0.6927675365212441,69.27675365212441,process_001
22,12,22,9.478000000000002,34.7945,4,86.5,2.25,0.8861370211796352,0.25,0.4444444444444444,0.682802443808073,0.7202959148257446,49.181981090799006,process_003
5,14,25,7.893716666666665,20.7745,3,28.0,1.9285714285714286,0.8573623395593784,0.14285714285714285,0.5185185185185185,0.6724274417069854,0.7268203043582315,48.87339178402981,process_002_fragment
16,11,11,10.978866666666667,49.551,4,113.0,2.4545454545454546,0.8574168549204593,0.36363636363636365,0.4074074074074074,0.661428067167566,0.6868584651109881,45.43074669960419,process_004
20,13,14,7.411450000000001,31.562,3,70.0,3.1538461538461537,0.8877948457506478,0.15384615384615385,0.3170731707317073,0.6321053781647907,0.6756027334888681,42.70521213411473,process_005
19,10,12,2.78535,14.010000000000002,4,8.0,2.0,0.8959152928117312,0.1,0.5,0.5474294897144025,0.7471407049682118,40.90068548656072,process_006
0,9,15,3.74465,13.412,3,26.0,1.4444444444444444,0.886703989900064,0.2222222222222222,0.6923076923076923,0.45421409152956516,0.809923562160814,36.78786949952634,process_007
2,8,8,10.315750000000001,56.0995,4,130.5,3.25,0.8524680099676737,0.25,0.3076923076923077,0.5479495155113339,0.6474968377466024,35.47955785383715,process_008
7,9,13,5.143883333333333,33.1,3,49.0,2.111111111111111,0.8922851522967736,0.2222222222222222,0.47368421052631576,0.4675829531470752,0.7351259223972152,34.37323497294575,process_009
32,6,10,3.3353499999999996,32.195,3,55.0,1.1666666666666667,0.9171516700412811,0.3333333333333333,0.8571428571428571,0.34316061066892434,0.8905775976003253,30.561115224059115,process_010
46,11,18,3.4674833333333335,15.873,1,76.0,2.1818181818181817,0.8918208944503525,0.09090909090909091,0.45833333333333337,0.38966116314435933,0.7292746261152467,28.416999906373483,process_011
6,5,5,3.22755,42.699,4,81.0,2.6,0.8734253526525546,0.2,0.3846153846153846,0.3730830252475523,0.6898592853183266,25.737478916167568,process_012
67,6,6,11.813350000000002,123.368,2,275.5,3.5,0.8976626813974132,0.3333333333333333,0.2857142857142857,0.35749630872097293,0.671221019835332,23.995903692705813,process_013
33,8,9,5.41195,36.657,1,58.5,1.625,0.8988366970066788,0.25,0.6153846153846154,0.3010965553665314,0.7907241494431366,23.808431764245885,process_014
31,4,5,0.5954333333333334,7.885999999999999,3,2.0,1.0,0.9320430491715246,1.0,1.0,0.24555372724079877,0.9524301344200672,23.38727694433025,process_015
18,4,4,0.51695,7.731,3,2.0,1.0,0.9180998038468944,1.0,1.0,0.24480386458557263,0.942669862692826,23.076922541555493,process_016
15,4,4,5.659083333333332,91.39,3,164.0,2.25,0.9054913332609424,0.25,0.4444444444444444,0.2939339612709854,0.7338439332826596,21.570165426445286,process_017
4,4,4,0.5545333333333333,4.2860000000000005,3,6.0,1.25,0.9089057451449328,0.5,0.8,0.24516295150159195,0.8642340216014529,21.187816352390275,process_018
26,5,5,8.711316666666667,80.226,2,151.0,3.0,0.9126592436055636,0.4,0.3333333333333333,0.2921438966282632,0.6988614705238945,20.416811320220862,process_019
3,7,14,6.2552,37.741,1,78.0,1.8571428571428572,0.8608136536276875,0.14285714285714285,0.5384615384615384,0.2734390335174328,0.7364157113855351,20.136480038831348,process_020
34,3,6,2.20635,45.723,3,92.0,1.3333333333333333,0.9261343339535144,0.3333333333333333,0.75,0.22523081441691062,0.85829403376746,19.33142642346204,process_021
10,4,6,3.3145000000000002,27.6185,3,57.0,2.75,0.8761036209612408,0.25,0.36363636363636365,0.27153282960312886,0.6841816255819595,18.577777275673792,process_022
8,3,3,0.2735666666666666,5.258,3,4.0,1.3333333333333333,0.9231605906347672,0.6666666666666666,0.75,0.20676419251446654,0.856212413444337,17.70340682866809,process_023
70,4,4,0.27191666666666664,4.161,2,6.5,1.25,0.9601295162498802,0.5,0.8,0.17579604677065058,0.9000906613749161,15.823238000489058,process_024
1,4,6,0.9554833333333334,12.498000000000001,2,4.0,1.25,0.8782809839174296,0.25,0.8,0.18232712915362886,0.8427966887422007,15.366470071854996,process_025
52,5,5,0.44183333333333336,5.472,1,4.0,1.0,0.971564792713159,0.4,1.0,0.14646712085543898,0.9800953548992113,14.355174479587713,process_026
68,5,5,0.68715,7.397,1,2.0,1.0,0.9408231419058483,0.4,1.0,0.1488109790890923,0.9585761993340938,14.264666275440739,process_027
9,4,4,1.0608833333333334,14.404,2,8.5,1.75,0.8928308583041016,0.25,0.5714285714285714,0.18333416492165816,0.7706958865271567,14.12948867650133,process_028
37,3,3,0.6488999999999999,11.206,2,2.0,1.0,0.9346226030137369,0.6666666666666666,1.0,0.14368361779846722,0.9542358221096159,13.710805515360422,process_029
30,3,3,3.4410666666666665,81.385,2,143.0,3.0,0.936651621573852,0.6666666666666666,0.3333333333333333,0.17036114819346282,0.7156561351016962,12.192000088762091,process_030
24,3,3,0.5307333333333334,9.984,2,6.0,1.3333333333333333,0.9190131619759279,0.3333333333333333,0.75,0.1425546039472136,0.8533092133831495,12.164315695834324,process_031
11,2,3,0.6311,18.933,2,30.0,1.5,0.8941014551999723,0.5,0.6666666666666666,0.1077992634250646,0.8058710186399807,8.687230222499643,process_032
17,2,3,0.2614666666666666,7.843999999999999,2,93.0,1.5,0.9231006725893165,0.5,0.6666666666666666,0.10426763166299086,0.8261704708125215,8.614283834151973,process_033
66,2,2,0.19903333333333334,5.971,2,2.0,2.0,0.9838525085705814,1.0,0.5,0.10367111743354149,0.8086967559994069,8.383849635933856,process_034
41,2,2,0.5821500000000001,17.4645,2,16.5,3.0,0.9379976891332119,0.5,0.3333333333333333,0.10733157461249311,0.7165983823932482,7.69136327470328,process_035
25,2,2,0.07416666666666667,2.225,2,4.5,2.5,0.9431986894871993,0.5,0.4,0.10247808897464275,0.7442390826410394,7.626819892929493,process_036
21,3,4,3.4088000000000003,65.175,1,117.0,3.0,0.8976000048640026,0.3333333333333333,0.3333333333333333,0.10338619227206738,0.6883200034048017,7.116278421671891,process_037
44,3,3,0.3683166666666667,6.822,1,2.0,1.0,0.9315431043116975,1.0,1.0,0.07433614038626393,0.9520801730181883,7.077396540045849,process_038
14,3,3,2.7589166666666665,61.371,1,89.0,2.3333333333333335,0.9032931287997991,0.3333333333333333,0.42857142857142855,0.09717693457080753,0.7265909044455736,7.060787678105137,process_039
64,3,3,2.5296666666666665,44.822,1,86.0,3.0,0.946027530644273,0.3333333333333333,0.3333333333333333,0.0949865840032485,0.7222192714509911,6.860114149644449,process_040
12,3,4,1.4350666666666667,17.467,1,42.0,2.6666666666666665,0.896993164219503,0.3333333333333333,0.375,0.08452831690946391,0.702895214953652,5.941454948374806,process_041
13,2,10,3.030466666666667,90.914,1,413.5,2.0,0.9080428871048387,0.5,0.5,0.06405715134995979,0.755630020973387,4.840350661806554,process_042
62,2,2,0.2895333333333333,8.686,1,10.5,1.5,0.956008965109946,0.5,0.6666666666666666,0.03786912569103663,0.8492062755769623,3.2158699187441075,process_043
23,2,2,0.4377333333333333,13.132,1,17.0,5.0,0.9744474702268191,0.5,0.2,0.03928509059447064,0.6941132291587734,2.7268301090322975,process_044
29,1,2,1.2113,72.678,1,28.0,2.0,0.9358443196460511,1.0,0.5,0.010961784977799245,0.7750910237522357,0.8496381140594295,process_045
49,1,1,1.1762000000000001,70.572,1,164.0,6.0,1.0,1.0,0.16666666666666666,0.01062642486909119,0.7,0.7438497408363833,process_046
40,1,1,0.9347666666666666,56.086,1,100.0,5.0,1.0,1.0,0.2,0.00831966962942124,0.712,0.5923604776147924,process_047
55,1,1,0.38215,22.929,1,9.0,1.0,1.0,1.0,1.0,0.0030397384212384115,1.0,0.30397384212384115,process_048
42,1,1,0.4154666666666667,24.928,1,5.0,2.0,1.0,1.0,0.5,0.0033580598159712732,0.82,0.2753609049096444,process_049
35,1,1,0.33655,20.193,1,10.0,4.0,1.0,1.0,0.25,0.0026040569124894837,0.73,0.1900961546117323,process_050
45,1,1,0.2904666666666667,17.428,1,10.0,3.0,1.0,1.0,0.3333333333333333,0.0021637574345323247,0.7599999999999999,0.16444556502445665,process_051
65,1,1,0.27909999999999996,16.746,1,20.0,4.0,1.0,1.0,0.25,0.002055155537980142,0.73,0.15002635427255037,process_052
51,1,1,0.24356666666666668,14.614,1,25.0,2.0,1.0,1.0,0.5,0.001715655181016431,0.82,0.14068372484334735,process_053
58,1,1,0.23723333333333332,14.234,1,31.0,2.0,1.0,1.0,0.5,0.0016551438603568574,0.82,0.1357217965492623,process_054
53,1,1,0.1944,11.664,1,7.0,4.0,1.0,1.0,0.25,0.0012458962443171108,0.73,0.09095042583514909,process_055
48,1,1,0.19376666666666667,11.626,1,255.0,4.0,1.0,1.0,0.25,0.0012398451122511537,0.73,0.09050869319433422,process_056
56,1,1,0.14268333333333333,8.561,1,2.0,1.0,1.0,1.0,1.0,0.0007517735390364368,1.0,0.07517735390364368,process_057
43,1,1,0.14,8.4,1,2.0,1.0,1.0,1.0,1.0,0.0007261358479148808,1.0,0.07261358479148808,process_058
28,1,1,0.15936666666666666,9.562,1,34.0,3.0,1.0,1.0,0.3333333333333333,0.000911173096879155,0.7599999999999999,0.06924915536281577,process_059
59,1,1,0.12983333333333333,7.79,1,2.0,1.0,1.0,1.0,1.0,0.0006289992542245128,1.0,0.06289992542245129,process_060
36,1,1,0.14766666666666667,8.86,1,10.0,3.0,1.0,1.0,0.3333333333333333,0.0007993863939764695,0.7599999999999999,0.06075336594221167,process_061
69,1,1,0.12353333333333333,7.412,1,2.0,1.0,1.0,1.0,1.0,0.0005688064141999899,1.0,0.05688064141999899,process_062
50,1,1,0.12073333333333333,7.244,1,2.0,1.0,1.0,1.0,1.0,0.0005420540408557574,1.0,0.05420540408557574,process_063
27,1,1,0.11555,6.933,1,2.0,1.0,1.0,1.0,1.0,0.0004925303021054224,1.0,0.04925303021054224,process_064
54,1,1,0.11923333333333333,7.154,1,15.0,3.0,1.0,1.0,0.3333333333333333,0.00052772241227849,0.7599999999999999,0.04010690333316524,process_065
63,1,1,0.1024,6.144,1,3.0,1.0,1.0,1.0,1.0,0.00036688969157804507,1.0,0.03668896915780451,process_066
61,1,1,0.10076666666666667,6.046,1,2.0,1.0,1.0,1.0,1.0,0.0003512841404605761,1.0,0.03512841404605761,process_067
60,1,1,0.10883333333333334,6.53,1,20.0,2.0,1.0,1.0,0.5,0.0004283564541427695,0.82,0.035125229239707095,process_068
57,1,1,0.09713333333333334,5.828,1,6.0,1.0,1.0,1.0,1.0,0.00031656975124008397,1.0,0.0316569751240084,process_069
47,1,1,0.07873333333333334,4.724,1,4.0,1.0,1.0,1.0,1.0,0.00014076844069227075,1.0,0.014076844069227075,process_070
38,1,1,0.064,3.84,1,4.0,2.0,1.0,1.0,0.5,0.0,0.82,0.0,process_071
